[
    {
        "id": "6249e73117958cfb6da283f8",
        "name": "Aline Schwartz",
        "comment": "Best decision to choose Classic Photographers. I picked my own photographer and Ina was absolutely amazing. The website is easy to use, affordable, offered a discount and you can even make payments. I got 1500 amazing photos, a ton of video and the best experience.",
        "imgUrl": "https://randomuser.me/api/portraits/women/84.jpg"
    },
    {
        "id": "6249e731398ac34c55ddf4a0",
        "name": "Jerri Mack",
        "comment": "Excellent experience! Photographer was in constant communication with us and met our expectation. Quick turn around on photos. Event was on 2/19 and we already received our photos. Great shots! Would highly recommend Classic Photographers as vendor of choice!",
        "imgUrl": "https://randomuser.me/api/portraits/women/3.jpg"
    },
    {
        "id": "6249e7313d71dfa708e011ef",
        "name": "Augusta Wolfe",
        "comment": "From the first time I clicked the link, the experience has been great! All my questions were answered in a timely fashion. Max our photographer was amazing and his partner, both captured such wonderful photos of our family. I would use them for another event in the future.",
        "imgUrl": "https://randomuser.me/api/portraits/men/65.jpg"
    }
]